company_name,website
3M Company,https://www.3m.com
A. O. Smith Corporation,https://www.aosmith.com
Abbott Laboratories,https://www.abbott.com
AbbVie Inc.,https://www.abbvie.com
Accenture plc,https://www.accenture.com
Adobe Inc.,https://www.adobe.com
"Advanced Micro Devices, Inc.",https://www.amd.com
The AES Corporation,https://www.aes.com
Aflac Incorporated,https://www.aflac.com
"Agilent Technologies, Inc.",https://www.agilent.com
"Air Products and Chemicals, Inc.",https://www.airproducts.com
"Airbnb, Inc.",https://www.airbnb.com
"Akamai Technologies, Inc.",https://www.akamai.com
Albemarle Corporation,https://www.albemarle.com
"Alexandria Real Estate Equities, Inc.",https://www.are.com
"Align Technology, Inc.",https://www.aligntech.com
Allegion plc,https://www.allegion.com/corp/en/index.html
Alliant Energy Corporation,https://www.alliantenergy.com
The Allstate Corporation,https://www.allstate.com
Alphabet Inc.,https://abc.xyz
Alphabet Inc.,https://abc.xyz
"Altria Group, Inc.",https://www.altria.com
"Amazon.com, Inc.",https://www.amazon.com
Amcor plc,https://www.amcor.com
Ameren Corporation,https://www.amereninvestors.com
"American Electric Power Company, Inc.",https://www.aep.com
American Express Company,https://www.americanexpress.com
"American International Group, Inc.",https://www.aig.com
American Tower Corporation,https://www.americantower.com
"American Water Works Company, Inc.",https://www.amwater.com
"Ameriprise Financial, Inc.",https://www.ameriprise.com
"AMETEK, Inc.",https://www.ametek.com
Amgen Inc.,https://www.amgen.com
Amphenol Corporation,https://www.amphenol.com
"Analog Devices, Inc.",https://www.analog.com
Aon plc,https://www.aon.com
APA Corporation,https://www.apacorp.com
"Apollo Global Management, Inc.",https://www.apollo.com/institutional/homepage
Apple Inc.,https://www.apple.com
"Applied Materials, Inc.",https://www.appliedmaterials.com
AppLovin Corporation,https://www.applovin.com
Aptiv PLC,https://www.aptiv.com
Arch Capital Group Ltd.,https://www.archgroup.com
Archer-Daniels-Midland Company,https://www.adm.com
Ares Management Corporation,https://www.aresmgmt.com
"Arista Networks, Inc.",https://www.arista.com
Arthur J. Gallagher & Co.,https://www.ajg.com
"Assurant, Inc.",https://www.assurant.com
AT&T Inc.,https://www.att.com
Atmos Energy Corporation,https://www.atmosenergy.com
"Autodesk, Inc.",https://www.autodesk.com
"Automatic Data Processing, Inc.",https://www.adp.com
"AutoZone, Inc.",https://www.autozone.com
"AvalonBay Communities, Inc.",https://www.avalonbay.com
Avery Dennison Corporation,https://www.averydennison.com
"Axon Enterprise, Inc.",https://www.axon.com
Baker Hughes Company,https://www.bakerhughes.com
Ball Corporation,https://www.ball.com
Bank of America Corporation,https://www.bankofamerica.com
Baxter International Inc.,https://www.baxter.com
"Becton, Dickinson and Company",https://www.bd.com
Berkshire Hathaway Inc.,https://www.berkshirehathaway.com
"Best Buy Co., Inc.",https://bestbuy.com
Bio-Techne Corporation,https://www.bio-techne.com
Biogen Inc.,https://www.biogen.com
"BlackRock, Inc.",https://www.blackrock.com
Blackstone Inc.,https://www.blackstone.com
"Block, Inc.",https://www.block.xyz
The Bank of New York Mellon Corporation,https://www.bny.com
The Boeing Company,https://www.boeing.com
Booking Holdings Inc.,https://www.bookingholdings.com
Boston Scientific Corporation,https://www.bostonscientific.com
Bristol-Myers Squibb Company,https://www.bms.com
Broadcom Inc.,https://www.broadcom.com
"Broadridge Financial Solutions, Inc.",https://www.broadridge.com
"Brown & Brown, Inc.",https://www.bbrown.com
Brown-Forman Corporation,https://www.brown-forman.com
"Builders FirstSource, Inc.",https://www.bldr.com
Bunge Global SA,https://www.bunge.com
"BXP, Inc.",https://www.bxp.com
"C.H. Robinson Worldwide, Inc.",https://www.chrobinson.com
"Cadence Design Systems, Inc.",https://www.cadence.com
Camden Property Trust,https://www.camdenliving.com
The Campbell's Company,https://www.thecampbellscompany.com
Capital One Financial Corporation,https://www.capitalone.com
"Cardinal Health, Inc.",https://www.cardinalhealth.com
Carnival Corporation & plc,https://www.carnivalcorp.com
Carrier Global Corporation,https://www.carrier.com
Carvana Co.,https://www.carvana.com
Caterpillar Inc.,https://www.caterpillar.com
"Cboe Global Markets, Inc.",https://www.cboe.com
"CBRE Group, Inc.",https://www.cbre.com
CDW Corporation,https://www.cdw.com
"Cencora, Inc.",https://www.cencora.com
Centene Corporation,https://www.centene.com
"CenterPoint Energy, Inc.",https://www.centerpointenergy.com
"CF Industries Holdings, Inc.",https://www.cfindustries.com
"Charles River Laboratories International, Inc.",https://www.criver.com
The Charles Schwab Corporation,https://www.schwab.com
"Charter Communications, Inc.",https://corporate.charter.com
